rule_id,business_unit,event,trigger,draft_debit,draft_credit,evidence_control,status,required_next_action
GL-001,All,General Expense - Paid,Approved expense/payment saved,Selected 6xxx/7xxx/8xxx expense,1120 Bank / 111x Cash,Evidence mandatory,NOT YET VERIFIED END-TO-END,Trace source endpoint → Finance event → eligible journal → GL and fixture; avoid automatic activation
GL-002,All,General Expense - Accrued,Approved unpaid expense/invoice,Selected 6xxx/7xxx/8xxx expense,2120 Accrued Expenses / 2140 Other Payables,Invoice/evidence,NOT YET VERIFIED END-TO-END,Trace source endpoint → Finance event → eligible journal → GL and fixture; avoid automatic activation
GL-003,All,Pay Accrued / Other Payable,Payment saved,2120 Accrued Expenses / 2140 Other Payables,1120 Bank / 111x Cash,Payment evidence mandatory,NOT YET VERIFIED END-TO-END,Trace source endpoint → Finance event → eligible journal → GL and fixture; avoid automatic activation
GL-004,All,Bank / Cash Transfer - Same BU,Transfer completed,Receiving bank/cash,Sending bank/cash,Transfer evidence/reference,NOT YET VERIFIED END-TO-END,Trace source endpoint → Finance event → eligible journal → GL and fixture; avoid automatic activation
GL-005,All,Inter-BU Cash / Bank Transfer,Transfer between business units completed,1240 Due From + Receiving Bank,Sending Bank + 2150 Due To,Transfer reference,NOT YET VERIFIED END-TO-END,Trace source endpoint → Finance event → eligible journal → GL and fixture; avoid automatic activation
GL-006,All,Payroll Accrual,Payroll finalized,6110/6120/6130/6140 Staff Cost,2130 Payroll / Salary Payable,Payroll batch,NOT YET VERIFIED END-TO-END,Trace source endpoint → Finance event → eligible journal → GL and fixture; avoid automatic activation
GL-007,All,Payroll Payment,Salary paid,2130 Payroll / Salary Payable,1120 Bank / 111x Cash,Bank/payment evidence,NOT YET VERIFIED END-TO-END,Trace source endpoint → Finance event → eligible journal → GL and fixture; avoid automatic activation
GL-008,All,Employee Advance Paid,Employee advance approved/paid,1320 Employee Advances,1120 Bank / 111x Cash,Payment evidence mandatory,NOT YET VERIFIED END-TO-END,Trace source endpoint → Finance event → eligible journal → GL and fixture; avoid automatic activation
GL-009,All,Employee Advance Recovery,Recovery from payroll or repayment,2130 Payroll Payable / 1120 Bank,1320 Employee Advances,Recovery evidence/source,NOT YET VERIFIED END-TO-END,Trace source endpoint → Finance event → eligible journal → GL and fixture; avoid automatic activation
GL-010,All,Fixed Asset Purchase,Asset purchase approved,1510-1540 Fixed Asset,211x Supplier Payable / 1120 Bank,Invoice/evidence,NOT YET VERIFIED END-TO-END,Trace source endpoint → Finance event → eligible journal → GL and fixture; avoid automatic activation
GL-011,All,Depreciation,Period depreciation run,6610 Depreciation Expense,1550 Accumulated Depreciation,System schedule,NOT YET VERIFIED END-TO-END,Trace source endpoint → Finance event → eligible journal → GL and fixture; avoid automatic activation
GL-012,All,Foreign Currency Settlement Difference,Settlement/revaluation where FX accounting enabled,8300 FX Loss or relevant account,4320 FX Gain or relevant account,System calculation,NOT YET VERIFIED END-TO-END,Trace source endpoint → Finance event → eligible journal → GL and fixture; avoid automatic activation
GL-013,All,Manual Journal,Authorized manual adjustment approved,Selected debit account(s),Selected credit account(s),Attachment + approval as configured,NOT YET VERIFIED END-TO-END,Trace source endpoint → Finance event → eligible journal → GL and fixture; avoid automatic activation
GL-014,All,Void / Correction of Posted Transaction,Approved void or Request Correction completed,Original credit account(s) / corrected debit(s),Original debit account(s) / corrected credit(s),Reason + evidence + audit,NOT YET VERIFIED END-TO-END,Trace source endpoint → Finance event → eligible journal → GL and fixture; avoid automatic activation
GL-015,All,Opening Balance Migration,Approved migration batch posted,Migrated asset/expense/debit balances,Migrated liability/equity/credit balances + 3500 as needed,Migration evidence + sign-off,NOT YET VERIFIED END-TO-END,Trace source endpoint → Finance event → eligible journal → GL and fixture; avoid automatic activation
EX-001,Excavator,Machine Purchase Recognition,Buy Machine purchase confirmed/approved,1411 Machines - Purchase Cost,2111 Excavator Supplier Payables,Purchase evidence/contract,NOT YET VERIFIED END-TO-END,Trace source endpoint → Finance event → eligible journal → GL and fixture; avoid automatic activation
EX-002,Excavator,Supplier Payment / Advance - Unallocated,Supplier payment saved without obligation allocation,1311 Excavator Supplier Advances / Credit,1120 Bank / 1111 Cash,Receipt/evidence mandatory,NOT YET VERIFIED END-TO-END,Trace source endpoint → Finance event → eligible journal → GL and fixture; avoid automatic activation
EX-003,Excavator,Allocate Supplier Credit to Machine Payable,Existing supplier credit allocated to machine obligation,2111 Excavator Supplier Payables,1311 Excavator Supplier Advances / Credit,Allocation audit,NOT YET VERIFIED END-TO-END,Trace source endpoint → Finance event → eligible journal → GL and fixture; avoid automatic activation
EX-004,Excavator,Supplier Payment Allocated Immediately,Supplier payment saved and applied to machine obligation,1311 Supplier Credit then 2111 Payable,1120 Bank then 1311 Supplier Credit,Payment evidence + allocation audit,NOT YET VERIFIED END-TO-END,Trace source endpoint → Finance event → eligible journal → GL and fixture; avoid automatic activation
EX-005,Excavator,Capitalizable Machine Logistics,Direct logistics cost approved as capitalizable,1412 Machines - Capitalized Logistics,2111 Supplier Payable / 1120 Bank,Evidence mandatory,NOT YET VERIFIED END-TO-END,Trace source endpoint → Finance event → eligible journal → GL and fixture; avoid automatic activation
EX-006,Excavator,Capitalizable Repair / Parts,Repair/parts cost approved as capitalizable,1413 Machines - Capitalized Repair & Parts,2111 Supplier Payable / 1120 Bank,Evidence mandatory,NOT YET VERIFIED END-TO-END,Trace source endpoint → Finance event → eligible journal → GL and fixture; avoid automatic activation
EX-007,Excavator,Other Capitalizable Direct Machine Cost,Other direct cost approved as capitalizable,1414 Machines - Other Capitalized Direct Costs,2111 Supplier Payable / 1120 Bank,Evidence mandatory,NOT YET VERIFIED END-TO-END,Trace source endpoint → Finance event → eligible journal → GL and fixture; avoid automatic activation
EX-008,Excavator,Machine-Related Non-Capitalizable Expense,Expense approved as period expense,Selected 6xxx/7xxx expense,1120 Bank / 1111 Cash / 2140 Payable,Evidence mandatory,NOT YET VERIFIED END-TO-END,Trace source endpoint → Finance event → eligible journal → GL and fixture; avoid automatic activation
EX-009,Excavator,Buyer Advance Received,Buyer payment recorded before sale,1120 Bank / 1111 Cash,2210 Excavator Buyer Advances,Receipt/evidence mandatory,NOT YET VERIFIED END-TO-END,Trace source endpoint → Finance event → eligible journal → GL and fixture; avoid automatic activation
EX-010,Excavator,Allocate / Reserve Buyer Advance to Machine Before Sale,Buyer balance earmarked for selected machine,No GL entry,No GL entry,Allocation audit,NOT YET VERIFIED END-TO-END,Trace source endpoint → Finance event → eligible journal → GL and fixture; avoid automatic activation
EX-011,Excavator,Machine Sale - Local Completion,Sell Machine successfully completed with full required advance funding,2210 Excavator Buyer Advances,4110 Excavator Sales - Local,Sale documents + allocation proof,NOT YET VERIFIED END-TO-END,Trace source endpoint → Finance event → eligible journal → GL and fixture; avoid automatic activation
EX-012,Excavator,Machine Sale - Export Completion,Export sale successfully completed with full required advance funding,2210 Excavator Buyer Advances,4120 Excavator Sales - Export,Sale/export documents + allocation proof,NOT YET VERIFIED END-TO-END,Trace source endpoint → Finance event → eligible journal → GL and fixture; avoid automatic activation
EX-013,Excavator,COGS on Machine Sale,Sale completion posting succeeds,5110/5120/5130/5140 Excavator COGS,1411/1412/1413/1414 Excavator Inventory,System-generated,NOT YET VERIFIED END-TO-END,Trace source endpoint → Finance event → eligible journal → GL and fixture; avoid automatic activation
EX-014,Excavator,Buyer Advance Refund,Unused buyer advance refund approved,2210 Excavator Buyer Advances,1120 Bank / 1111 Cash,Refund evidence + approval,NOT YET VERIFIED END-TO-END,Trace source endpoint → Finance event → eligible journal → GL and fixture; avoid automatic activation
EX-015,Excavator,Pakistan Resale Profit Share Recognized,Profit-share amount becomes contractually due,1213 Pakistan Resale Profit Share Receivable,4140 Pakistan Resale Profit Share Income,Supporting evidence,NOT YET VERIFIED END-TO-END,Trace source endpoint → Finance event → eligible journal → GL and fixture; avoid automatic activation
EX-016,Excavator,Pakistan Resale Profit Share Received,Profit-share receipt saved,1120 Bank / 1111 Cash,1213 Pakistan Resale Profit Share Receivable,Receipt evidence mandatory,NOT YET VERIFIED END-TO-END,Trace source endpoint → Finance event → eligible journal → GL and fixture; avoid automatic activation
EX-017,Excavator,Machine Purchase Reversal / Cancellation,Approved cancellation before prohibited downstream state,2111 Supplier Payables,1411 Machine Purchase Cost,Approval + reason,NOT YET VERIFIED END-TO-END,Trace source endpoint → Finance event → eligible journal → GL and fixture; avoid automatic activation
EX-018,Excavator,Sale Void / Correction,Approved sale correction/void,Reverse original revenue and COGS,Reverse original buyer advance and inventory credits,Approval + audit,NOT YET VERIFIED END-TO-END,Trace source endpoint → Finance event → eligible journal → GL and fixture; avoid automatic activation
PS-001,Pink Salt,New Import Draft Save,New Import saved as draft,No GL entry,No GL entry,Operational save audit,NOT YET VERIFIED END-TO-END,Trace source endpoint → Finance event → eligible journal → GL and fixture; avoid automatic activation
PS-002,Pink Salt,Import / Raw Salt Purchase Obligation,Import purchase/obligation confirmed/opened,1460 Pink Salt Goods in Transit,2112 Pink Salt Supplier Payables,Invoice/import evidence,NOT YET VERIFIED END-TO-END,Trace source endpoint → Finance event → eligible journal → GL and fixture; avoid automatic activation
PS-003,Pink Salt,Central Supplier Payment / Advance,Payment created in supplier account,1312 Pink Salt Supplier Advances / Shared Credit,1120 Bank / 1112 Cash,Receipt/evidence mandatory,NOT YET VERIFIED END-TO-END,Trace source endpoint → Finance event → eligible journal → GL and fixture; avoid automatic activation
PS-004,Pink Salt,Allocate Supplier Credit to Import / Raw Salt Obligation,Supplier credit allocated to import/raw-salt payable,2112 Pink Salt Supplier Payables,1312 Pink Salt Supplier Advances / Shared Credit,Allocation audit,NOT YET VERIFIED END-TO-END,Trace source endpoint → Finance event → eligible journal → GL and fixture; avoid automatic activation
PS-005,Pink Salt,Import Payment Entered and Allocated Immediately,New supplier payment is applied to import obligation,1312 Shared Credit then 2112 Payable,1120 Bank then 1312 Shared Credit,Evidence + allocation audit,NOT YET VERIFIED END-TO-END,Trace source endpoint → Finance event → eligible journal → GL and fixture; avoid automatic activation
PS-006,Pink Salt,Import Freight / Duty / Clearing / Inland Cost,Eligible landed cost approved,1460 Pink Salt Goods in Transit,1120 Bank / 2112 Supplier Payable / 2140 Other Payable / 2340 Duties Payable,Evidence mandatory,NOT YET VERIFIED END-TO-END,Trace source endpoint → Finance event → eligible journal → GL and fixture; avoid automatic activation
PS-007,Pink Salt,Receive Imported Raw Salt,Import receipt completed after required payment controls,1420 Pink Salt Raw Material Inventory,1460 Pink Salt Goods in Transit,GRN/receipt + import evidence,NOT YET VERIFIED END-TO-END,Trace source endpoint → Finance event → eligible journal → GL and fixture; avoid automatic activation
PS-008,Pink Salt,Packaging Material Receipt,Packaging stock receipt confirmed,1430 Pink Salt Packaging Material Inventory,2112 Pink Salt Supplier Payables,Invoice/GRN/evidence,NOT YET VERIFIED END-TO-END,Trace source endpoint → Finance event → eligible journal → GL and fixture; avoid automatic activation
PS-009,Pink Salt,Allocate Supplier Credit to Packaging Obligation,Shared supplier credit applied to packaging payable,2112 Pink Salt Supplier Payables,1312 Pink Salt Supplier Advances / Shared Credit,Allocation audit,NOT YET VERIFIED END-TO-END,Trace source endpoint → Finance event → eligible journal → GL and fixture; avoid automatic activation
PS-010,Pink Salt,Packaging Payment Entered and Allocated Immediately,New supplier payment is applied to packaging obligation,1312 Shared Credit then 2112 Payable,1120 Bank then 1312 Shared Credit,Evidence + allocation audit,NOT YET VERIFIED END-TO-END,Trace source endpoint → Finance event → eligible journal → GL and fixture; avoid automatic activation
PS-011,Pink Salt,Local / Direct Raw Salt Receipt,Raw salt received from supplier outside import workflow,1420 Pink Salt Raw Material Inventory,2112 Pink Salt Supplier Payables,Receipt/invoice evidence,NOT YET VERIFIED END-TO-END,Trace source endpoint → Finance event → eligible journal → GL and fixture; avoid automatic activation
PS-012,Pink Salt,Issue Raw Salt to Repacking / Production,Batch material issue committed,1440 Pink Salt Work in Process,1420 Pink Salt Raw Material Inventory,System stock movement,NOT YET VERIFIED END-TO-END,Trace source endpoint → Finance event → eligible journal → GL and fixture; avoid automatic activation
PS-013,Pink Salt,Issue Packaging to Repacking / Production,Batch packaging issue committed,1440 Pink Salt Work in Process,1430 Pink Salt Packaging Inventory,System stock movement,NOT YET VERIFIED END-TO-END,Trace source endpoint → Finance event → eligible journal → GL and fixture; avoid automatic activation
PS-014,Pink Salt,Direct Production / Repacking Cost,Approved direct batch cost,1440 Pink Salt Work in Process,2130 Payroll Payable / 1120 Bank / 2140 Other Payable,Evidence/time basis,NOT YET VERIFIED END-TO-END,Trace source endpoint → Finance event → eligible journal → GL and fixture; avoid automatic activation
PS-015,Pink Salt,Gift Box / Set Mixed Salt Composition,Batch has multiple salt categories with uniform pouch weight,No special GL entry,No special GL entry,BOM/batch validation,NOT YET VERIFIED END-TO-END,Trace source endpoint → Finance event → eligible journal → GL and fixture; avoid automatic activation
PS-016,Pink Salt,Complete Repacking / Production Batch,Batch completion successfully commits stock,1450 Pink Salt Finished Goods,1440 Pink Salt Work in Process,Batch completion evidence/notes,NOT YET VERIFIED END-TO-END,Trace source endpoint → Finance event → eligible journal → GL and fixture; avoid automatic activation
PS-017,Pink Salt,Normal Process Loss / Waste,Planned/normal batch loss recorded,No separate expense if policy treats as normal,Cost remains in WIP/finished output,Batch evidence,NOT YET VERIFIED END-TO-END,Trace source endpoint → Finance event → eligible journal → GL and fixture; avoid automatic activation
PS-018,Pink Salt,Abnormal Damage / Stock Write-off,Approved abnormal loss/adjustment,5250 Abnormal Inventory Loss / Write-off,1420/1430/1450 Inventory,Reason + evidence + approval,NOT YET VERIFIED END-TO-END,Trace source endpoint → Finance event → eligible journal → GL and fixture; avoid automatic activation
PS-019,Pink Salt,Customer Advance Received,Customer payment received before sale,1120 Bank / 1112 Cash,2220 Pink Salt Customer Advances,Evidence mandatory,NOT YET VERIFIED END-TO-END,Trace source endpoint → Finance event → eligible journal → GL and fixture; avoid automatic activation
PS-020,Pink Salt,Allocate Customer Advance to Order Before Sale,Advance earmarked to an order,No GL entry,No GL entry,Allocation audit,NOT YET VERIFIED END-TO-END,Trace source endpoint → Finance event → eligible journal → GL and fixture; avoid automatic activation
PS-021,Pink Salt,Finished Goods / Bulk Sale,Sale/invoice completed,1212 Receivable and/or 2220 Customer Advance and/or Bank/Cash,4210/4220/4230 Pink Salt Sales,Sale evidence,NOT YET VERIFIED END-TO-END,Trace source endpoint → Finance event → eligible journal → GL and fixture; avoid automatic activation
PS-022,Pink Salt,COGS on Pink Salt Sale,Sale posting succeeds,5210/5220/5230/5240 Pink Salt COGS,1450 Finished Goods / 1420 Raw Inventory for direct bulk sale,System-generated,NOT YET VERIFIED END-TO-END,Trace source endpoint → Finance event → eligible journal → GL and fixture; avoid automatic activation
PS-023,Pink Salt,Customer Advance Refund,Unused customer advance refund approved,2220 Pink Salt Customer Advances,1120 Bank / 1112 Cash,Evidence + approval,NOT YET VERIFIED END-TO-END,Trace source endpoint → Finance event → eligible journal → GL and fixture; avoid automatic activation
PS-024,Pink Salt,Supplier Payment Allocation Across Multiple Obligations,One supplier payment is allocated to multiple imports/packaging obligations,2112 Pink Salt Supplier Payables,1312 Pink Salt Supplier Shared Credit,Allocation audit,NOT YET VERIFIED END-TO-END,Trace source endpoint → Finance event → eligible journal → GL and fixture; avoid automatic activation
PS-025,Pink Salt,Supplier Allocation Reversal,Approved reversal of a supplier-credit allocation,1312 Pink Salt Supplier Shared Credit,2112 Pink Salt Supplier Payables,Reason + audit,NOT YET VERIFIED END-TO-END,Trace source endpoint → Finance event → eligible journal → GL and fixture; avoid automatic activation
PS-026,Pink Salt,Supplier Payment Void / Correction,Approved payment void/correction,Reverse original supplier credit/cash entry after allocations are reversed,Reverse original cash/supplier credit entry,Evidence + approval + audit,NOT YET VERIFIED END-TO-END,Trace source endpoint → Finance event → eligible journal → GL and fixture; avoid automatic activation
PS-027,Pink Salt,Packaging Receipt Void / Correction,Approved receipt correction,Reverse/adjust 2112 payable,Reverse/adjust 1430 packaging inventory,Evidence + approval,NOT YET VERIFIED END-TO-END,Trace source endpoint → Finance event → eligible journal → GL and fixture; avoid automatic activation
PS-028,Pink Salt,Import Receipt Void / Correction,Approved import receipt correction,Reverse/adjust 1460 GIT / 2112 payable as applicable,Reverse/adjust 1420 raw inventory,Evidence + approval,NOT YET VERIFIED END-TO-END,Trace source endpoint → Finance event → eligible journal → GL and fixture; avoid automatic activation
